category,hero,slot,proposed_path,requirement,status,notes
Unarmed / polish,Wissem,idle-guard,assets/heroes/wissem/unarmed-guard.png,Optional authored bespoke fist guard/idle to replace existing weapon-free frame11.,OPTIONAL POLISH,Current real body is weapon-free and functional; no weapon-erasure request.
Unarmed / authored phase poses,Wissem,startup,assets/heroes/wissem/unarmed-startup.png,"128×160 transparent pose/clip aligned to original body origin; distinct fist anticipation, extension and return silhouette.",OPTIONAL POLISH,Current renderer uses legacy attack11–12 (Wissem) or phase-responsive generic proxy (others). Separate clips require a phase→frame/asset adapter; no claim they are already wired.
Unarmed / authored phase poses,Wissem,active,assets/heroes/wissem/unarmed-active.png,"128×160 transparent pose/clip aligned to original body origin; distinct fist anticipation, extension and return silhouette.",OPTIONAL POLISH,Current renderer uses legacy attack11–12 (Wissem) or phase-responsive generic proxy (others). Separate clips require a phase→frame/asset adapter; no claim they are already wired.
Unarmed / authored phase poses,Wissem,recovery,assets/heroes/wissem/unarmed-recovery.png,"128×160 transparent pose/clip aligned to original body origin; distinct fist anticipation, extension and return silhouette.",OPTIONAL POLISH,Current renderer uses legacy attack11–12 (Wissem) or phase-responsive generic proxy (others). Separate clips require a phase→frame/asset adapter; no claim they are already wired.
Modular body architecture,Wissem,base,assets/cosmetics/wissem/base.png,"Clean neutral-clothed/covered body rig, no replaceable outerwear/weapon baked in; 14×128×160 aligned cells.",MISSING ART,"Body.modularBody.base manifest key required. This is a substantial authored rig split, not six overlays pasted on complete clothes."
Modular body architecture,Wissem,front-mask,assets/cosmetics/wissem/front.png,"Foreground hands/arms/hair occlusion mask, same 14 aligned frames.",MISSING ART,Body.modularBody.front required; optional rear sheet if clothing/hair extends behind body.
Modular body architecture,Wissem,rear-mask,assets/cosmetics/wissem/rear.png,"Optional rear hair/cape/weapon-strap occlusion split, 14 aligned frames.",CONDITIONAL ART,Only needed for silhouettes with rear components. Body.modularBody.rear is supported.
Independent wardrobe slots,Wissem,hat,assets/cosmetics/wissem/hat/<piece-id>.png,Each sellable piece: transparent 14×128×160 aligned sprite layer; all animation states; colors/opaque areas must not obscure required face/hand cues.,MISSING ART,"Catalog id, hero, slot, key, status:ready, cost and ownership required. Current catalog empty; art must be previewed before enabling sales."
Wardrobe previews,Wissem,hat-thumbnail,assets/cosmetics/wissem/hat/<piece-id>-preview.png,"One isolated square preview/thumbnail per piece; transparent, same pixel style.",MISSING ART,Future populated catalog UI still needs to render ready-item cards; present UI explicitly says art pending.
Independent wardrobe slots,Wissem,top,assets/cosmetics/wissem/top/<piece-id>.png,Each sellable piece: transparent 14×128×160 aligned sprite layer; all animation states; colors/opaque areas must not obscure required face/hand cues.,MISSING ART,"Catalog id, hero, slot, key, status:ready, cost and ownership required. Current catalog empty; art must be previewed before enabling sales."
Wardrobe previews,Wissem,top-thumbnail,assets/cosmetics/wissem/top/<piece-id>-preview.png,"One isolated square preview/thumbnail per piece; transparent, same pixel style.",MISSING ART,Future populated catalog UI still needs to render ready-item cards; present UI explicitly says art pending.
Independent wardrobe slots,Wissem,bottom,assets/cosmetics/wissem/bottom/<piece-id>.png,Each sellable piece: transparent 14×128×160 aligned sprite layer; all animation states; colors/opaque areas must not obscure required face/hand cues.,MISSING ART,"Catalog id, hero, slot, key, status:ready, cost and ownership required. Current catalog empty; art must be previewed before enabling sales."
Wardrobe previews,Wissem,bottom-thumbnail,assets/cosmetics/wissem/bottom/<piece-id>-preview.png,"One isolated square preview/thumbnail per piece; transparent, same pixel style.",MISSING ART,Future populated catalog UI still needs to render ready-item cards; present UI explicitly says art pending.
Independent wardrobe slots,Wissem,shoes,assets/cosmetics/wissem/shoes/<piece-id>.png,Each sellable piece: transparent 14×128×160 aligned sprite layer; all animation states; colors/opaque areas must not obscure required face/hand cues.,MISSING ART,"Catalog id, hero, slot, key, status:ready, cost and ownership required. Current catalog empty; art must be previewed before enabling sales."
Wardrobe previews,Wissem,shoes-thumbnail,assets/cosmetics/wissem/shoes/<piece-id>-preview.png,"One isolated square preview/thumbnail per piece; transparent, same pixel style.",MISSING ART,Future populated catalog UI still needs to render ready-item cards; present UI explicitly says art pending.
Independent wardrobe slots,Wissem,eyewear,assets/cosmetics/wissem/eyewear/<piece-id>.png,Each sellable piece: transparent 14×128×160 aligned sprite layer; all animation states; colors/opaque areas must not obscure required face/hand cues.,MISSING ART,"Catalog id, hero, slot, key, status:ready, cost and ownership required. Current catalog empty; art must be previewed before enabling sales."
Wardrobe previews,Wissem,eyewear-thumbnail,assets/cosmetics/wissem/eyewear/<piece-id>-preview.png,"One isolated square preview/thumbnail per piece; transparent, same pixel style.",MISSING ART,Future populated catalog UI still needs to render ready-item cards; present UI explicitly says art pending.
Weapon-skin slots,Wissem,weaponSkin,assets/cosmetics/wissem/weaponSkin/<skin-id>.png,"Class-matched replacement for gauntlet; single transparent image, explicit dimensions, normalized grip anchor, angle and logical height.",MISSING ART,Original signature PNG exists but is not a new sellable skin. New image requires a separate body and ready catalog item; no stats change.
Weapon-skin previews,Wissem,weaponSkin-thumbnail,assets/cosmetics/wissem/weaponSkin/<skin-id>-preview.png,Isolated square preview of the new skin (may reuse the full single-image weapon PNG with contain fit).,MISSING ART,"Can share source image if sufficiently readable, not necessarily a separate unique drawing."
Unarmed / clean rig,Kael,body,assets/heroes/kossay/body-unarmed.png,"Weapon-free body, transparent 128×160 cells, all 14 legacy frames: idle0, run1–8, jump9, fall10, attack11–12, dodge13. Retain original identity and draw envelope.",MISSING ART,"Do not paint over/erase held weapons without redrawing occluded hands, torso and outfit; training proxy is temporary."
Unarmed / lobby,Kael,idle-guard,assets/heroes/kossay/unarmed-guard.png,"Distinct readable bare-hand guard/idle, 128×160, same origin as body.",MISSING ART,A dedicated guard clip needs a manifest hook when supplied; presently the labelled generic proxy is shown.
Unarmed / authored phase poses,Kael,startup,assets/heroes/kossay/unarmed-startup.png,"128×160 transparent pose/clip aligned to original body origin; distinct fist anticipation, extension and return silhouette.",MISSING ART,Current renderer uses legacy attack11–12 (Wissem) or phase-responsive generic proxy (others). Separate clips require a phase→frame/asset adapter; no claim they are already wired.
Unarmed / authored phase poses,Kael,active,assets/heroes/kossay/unarmed-active.png,"128×160 transparent pose/clip aligned to original body origin; distinct fist anticipation, extension and return silhouette.",MISSING ART,Current renderer uses legacy attack11–12 (Wissem) or phase-responsive generic proxy (others). Separate clips require a phase→frame/asset adapter; no claim they are already wired.
Unarmed / authored phase poses,Kael,recovery,assets/heroes/kossay/unarmed-recovery.png,"128×160 transparent pose/clip aligned to original body origin; distinct fist anticipation, extension and return silhouette.",MISSING ART,Current renderer uses legacy attack11–12 (Wissem) or phase-responsive generic proxy (others). Separate clips require a phase→frame/asset adapter; no claim they are already wired.
Modular body architecture,Kael,base,assets/cosmetics/kossay/base.png,"Clean neutral-clothed/covered body rig, no replaceable outerwear/weapon baked in; 14×128×160 aligned cells.",MISSING ART,"Body.modularBody.base manifest key required. This is a substantial authored rig split, not six overlays pasted on complete clothes."
Modular body architecture,Kael,front-mask,assets/cosmetics/kossay/front.png,"Foreground hands/arms/hair occlusion mask, same 14 aligned frames.",MISSING ART,Body.modularBody.front required; optional rear sheet if clothing/hair extends behind body.
Modular body architecture,Kael,rear-mask,assets/cosmetics/kossay/rear.png,"Optional rear hair/cape/weapon-strap occlusion split, 14 aligned frames.",CONDITIONAL ART,Only needed for silhouettes with rear components. Body.modularBody.rear is supported.
Independent wardrobe slots,Kael,hat,assets/cosmetics/kossay/hat/<piece-id>.png,Each sellable piece: transparent 14×128×160 aligned sprite layer; all animation states; colors/opaque areas must not obscure required face/hand cues.,MISSING ART,"Catalog id, hero, slot, key, status:ready, cost and ownership required. Current catalog empty; art must be previewed before enabling sales."
Wardrobe previews,Kael,hat-thumbnail,assets/cosmetics/kossay/hat/<piece-id>-preview.png,"One isolated square preview/thumbnail per piece; transparent, same pixel style.",MISSING ART,Future populated catalog UI still needs to render ready-item cards; present UI explicitly says art pending.
Independent wardrobe slots,Kael,top,assets/cosmetics/kossay/top/<piece-id>.png,Each sellable piece: transparent 14×128×160 aligned sprite layer; all animation states; colors/opaque areas must not obscure required face/hand cues.,MISSING ART,"Catalog id, hero, slot, key, status:ready, cost and ownership required. Current catalog empty; art must be previewed before enabling sales."
Wardrobe previews,Kael,top-thumbnail,assets/cosmetics/kossay/top/<piece-id>-preview.png,"One isolated square preview/thumbnail per piece; transparent, same pixel style.",MISSING ART,Future populated catalog UI still needs to render ready-item cards; present UI explicitly says art pending.
Independent wardrobe slots,Kael,bottom,assets/cosmetics/kossay/bottom/<piece-id>.png,Each sellable piece: transparent 14×128×160 aligned sprite layer; all animation states; colors/opaque areas must not obscure required face/hand cues.,MISSING ART,"Catalog id, hero, slot, key, status:ready, cost and ownership required. Current catalog empty; art must be previewed before enabling sales."
Wardrobe previews,Kael,bottom-thumbnail,assets/cosmetics/kossay/bottom/<piece-id>-preview.png,"One isolated square preview/thumbnail per piece; transparent, same pixel style.",MISSING ART,Future populated catalog UI still needs to render ready-item cards; present UI explicitly says art pending.
Independent wardrobe slots,Kael,shoes,assets/cosmetics/kossay/shoes/<piece-id>.png,Each sellable piece: transparent 14×128×160 aligned sprite layer; all animation states; colors/opaque areas must not obscure required face/hand cues.,MISSING ART,"Catalog id, hero, slot, key, status:ready, cost and ownership required. Current catalog empty; art must be previewed before enabling sales."
Wardrobe previews,Kael,shoes-thumbnail,assets/cosmetics/kossay/shoes/<piece-id>-preview.png,"One isolated square preview/thumbnail per piece; transparent, same pixel style.",MISSING ART,Future populated catalog UI still needs to render ready-item cards; present UI explicitly says art pending.
Independent wardrobe slots,Kael,eyewear,assets/cosmetics/kossay/eyewear/<piece-id>.png,Each sellable piece: transparent 14×128×160 aligned sprite layer; all animation states; colors/opaque areas must not obscure required face/hand cues.,MISSING ART,"Catalog id, hero, slot, key, status:ready, cost and ownership required. Current catalog empty; art must be previewed before enabling sales."
Wardrobe previews,Kael,eyewear-thumbnail,assets/cosmetics/kossay/eyewear/<piece-id>-preview.png,"One isolated square preview/thumbnail per piece; transparent, same pixel style.",MISSING ART,Future populated catalog UI still needs to render ready-item cards; present UI explicitly says art pending.
Weapon-skin slots,Kael,weaponSkin,assets/cosmetics/kossay/weaponSkin/<skin-id>.png,"Class-matched replacement for dual; single transparent image, explicit dimensions, normalized grip anchor, angle and logical height.",MISSING ART,Original signature PNG exists but is not a new sellable skin. New image requires a separate body and ready catalog item; no stats change.
Weapon-skin previews,Kael,weaponSkin-thumbnail,assets/cosmetics/kossay/weaponSkin/<skin-id>-preview.png,Isolated square preview of the new skin (may reuse the full single-image weapon PNG with contain fit).,MISSING ART,"Can share source image if sufficiently readable, not necessarily a separate unique drawing."
Weapon holding,Kael,sockets,assets/heroes/kossay/weapon-sockets.json,Main and offhand grip positions for all 14 frames and per-body orientation review against real signature weapon.,MISSING ART / RIG DATA,Do not enable separate until clean body is approved. Bront hammer and Sol lance need corrected silhouettes.
Unarmed / clean rig,Astra,body,assets/heroes/yakine/body-unarmed.png,"Weapon-free body, transparent 128×160 cells, all 14 legacy frames: idle0, run1–8, jump9, fall10, attack11–12, dodge13. Retain original identity and draw envelope.",MISSING ART,"Do not paint over/erase held weapons without redrawing occluded hands, torso and outfit; training proxy is temporary."
Unarmed / lobby,Astra,idle-guard,assets/heroes/yakine/unarmed-guard.png,"Distinct readable bare-hand guard/idle, 128×160, same origin as body.",MISSING ART,A dedicated guard clip needs a manifest hook when supplied; presently the labelled generic proxy is shown.
Unarmed / authored phase poses,Astra,startup,assets/heroes/yakine/unarmed-startup.png,"128×160 transparent pose/clip aligned to original body origin; distinct fist anticipation, extension and return silhouette.",MISSING ART,Current renderer uses legacy attack11–12 (Wissem) or phase-responsive generic proxy (others). Separate clips require a phase→frame/asset adapter; no claim they are already wired.
Unarmed / authored phase poses,Astra,active,assets/heroes/yakine/unarmed-active.png,"128×160 transparent pose/clip aligned to original body origin; distinct fist anticipation, extension and return silhouette.",MISSING ART,Current renderer uses legacy attack11–12 (Wissem) or phase-responsive generic proxy (others). Separate clips require a phase→frame/asset adapter; no claim they are already wired.
Unarmed / authored phase poses,Astra,recovery,assets/heroes/yakine/unarmed-recovery.png,"128×160 transparent pose/clip aligned to original body origin; distinct fist anticipation, extension and return silhouette.",MISSING ART,Current renderer uses legacy attack11–12 (Wissem) or phase-responsive generic proxy (others). Separate clips require a phase→frame/asset adapter; no claim they are already wired.
Modular body architecture,Astra,base,assets/cosmetics/yakine/base.png,"Clean neutral-clothed/covered body rig, no replaceable outerwear/weapon baked in; 14×128×160 aligned cells.",MISSING ART,"Body.modularBody.base manifest key required. This is a substantial authored rig split, not six overlays pasted on complete clothes."
Modular body architecture,Astra,front-mask,assets/cosmetics/yakine/front.png,"Foreground hands/arms/hair occlusion mask, same 14 aligned frames.",MISSING ART,Body.modularBody.front required; optional rear sheet if clothing/hair extends behind body.
Modular body architecture,Astra,rear-mask,assets/cosmetics/yakine/rear.png,"Optional rear hair/cape/weapon-strap occlusion split, 14 aligned frames.",CONDITIONAL ART,Only needed for silhouettes with rear components. Body.modularBody.rear is supported.
Independent wardrobe slots,Astra,hat,assets/cosmetics/yakine/hat/<piece-id>.png,Each sellable piece: transparent 14×128×160 aligned sprite layer; all animation states; colors/opaque areas must not obscure required face/hand cues.,MISSING ART,"Catalog id, hero, slot, key, status:ready, cost and ownership required. Current catalog empty; art must be previewed before enabling sales."
Wardrobe previews,Astra,hat-thumbnail,assets/cosmetics/yakine/hat/<piece-id>-preview.png,"One isolated square preview/thumbnail per piece; transparent, same pixel style.",MISSING ART,Future populated catalog UI still needs to render ready-item cards; present UI explicitly says art pending.
Independent wardrobe slots,Astra,top,assets/cosmetics/yakine/top/<piece-id>.png,Each sellable piece: transparent 14×128×160 aligned sprite layer; all animation states; colors/opaque areas must not obscure required face/hand cues.,MISSING ART,"Catalog id, hero, slot, key, status:ready, cost and ownership required. Current catalog empty; art must be previewed before enabling sales."
Wardrobe previews,Astra,top-thumbnail,assets/cosmetics/yakine/top/<piece-id>-preview.png,"One isolated square preview/thumbnail per piece; transparent, same pixel style.",MISSING ART,Future populated catalog UI still needs to render ready-item cards; present UI explicitly says art pending.
Independent wardrobe slots,Astra,bottom,assets/cosmetics/yakine/bottom/<piece-id>.png,Each sellable piece: transparent 14×128×160 aligned sprite layer; all animation states; colors/opaque areas must not obscure required face/hand cues.,MISSING ART,"Catalog id, hero, slot, key, status:ready, cost and ownership required. Current catalog empty; art must be previewed before enabling sales."
Wardrobe previews,Astra,bottom-thumbnail,assets/cosmetics/yakine/bottom/<piece-id>-preview.png,"One isolated square preview/thumbnail per piece; transparent, same pixel style.",MISSING ART,Future populated catalog UI still needs to render ready-item cards; present UI explicitly says art pending.
Independent wardrobe slots,Astra,shoes,assets/cosmetics/yakine/shoes/<piece-id>.png,Each sellable piece: transparent 14×128×160 aligned sprite layer; all animation states; colors/opaque areas must not obscure required face/hand cues.,MISSING ART,"Catalog id, hero, slot, key, status:ready, cost and ownership required. Current catalog empty; art must be previewed before enabling sales."
Wardrobe previews,Astra,shoes-thumbnail,assets/cosmetics/yakine/shoes/<piece-id>-preview.png,"One isolated square preview/thumbnail per piece; transparent, same pixel style.",MISSING ART,Future populated catalog UI still needs to render ready-item cards; present UI explicitly says art pending.
Independent wardrobe slots,Astra,eyewear,assets/cosmetics/yakine/eyewear/<piece-id>.png,Each sellable piece: transparent 14×128×160 aligned sprite layer; all animation states; colors/opaque areas must not obscure required face/hand cues.,MISSING ART,"Catalog id, hero, slot, key, status:ready, cost and ownership required. Current catalog empty; art must be previewed before enabling sales."
Wardrobe previews,Astra,eyewear-thumbnail,assets/cosmetics/yakine/eyewear/<piece-id>-preview.png,"One isolated square preview/thumbnail per piece; transparent, same pixel style.",MISSING ART,Future populated catalog UI still needs to render ready-item cards; present UI explicitly says art pending.
Weapon-skin slots,Astra,weaponSkin,assets/cosmetics/yakine/weaponSkin/<skin-id>.png,"Class-matched replacement for staff; single transparent image, explicit dimensions, normalized grip anchor, angle and logical height.",MISSING ART,Original signature PNG exists but is not a new sellable skin. New image requires a separate body and ready catalog item; no stats change.
Weapon-skin previews,Astra,weaponSkin-thumbnail,assets/cosmetics/yakine/weaponSkin/<skin-id>-preview.png,Isolated square preview of the new skin (may reuse the full single-image weapon PNG with contain fit).,MISSING ART,"Can share source image if sufficiently readable, not necessarily a separate unique drawing."
Weapon holding,Astra,sockets,assets/heroes/yakine/weapon-sockets.json,Main and offhand grip positions for all 14 frames and per-body orientation review against real signature weapon.,MISSING ART / RIG DATA,Do not enable separate until clean body is approved. Bront hammer and Sol lance need corrected silhouettes.
Unarmed / clean rig,Nyx,body,assets/heroes/taky/body-unarmed.png,"Weapon-free body, transparent 128×160 cells, all 14 legacy frames: idle0, run1–8, jump9, fall10, attack11–12, dodge13. Retain original identity and draw envelope.",MISSING ART,"Do not paint over/erase held weapons without redrawing occluded hands, torso and outfit; training proxy is temporary."
Unarmed / lobby,Nyx,idle-guard,assets/heroes/taky/unarmed-guard.png,"Distinct readable bare-hand guard/idle, 128×160, same origin as body.",MISSING ART,A dedicated guard clip needs a manifest hook when supplied; presently the labelled generic proxy is shown.
Unarmed / authored phase poses,Nyx,startup,assets/heroes/taky/unarmed-startup.png,"128×160 transparent pose/clip aligned to original body origin; distinct fist anticipation, extension and return silhouette.",MISSING ART,Current renderer uses legacy attack11–12 (Wissem) or phase-responsive generic proxy (others). Separate clips require a phase→frame/asset adapter; no claim they are already wired.
Unarmed / authored phase poses,Nyx,active,assets/heroes/taky/unarmed-active.png,"128×160 transparent pose/clip aligned to original body origin; distinct fist anticipation, extension and return silhouette.",MISSING ART,Current renderer uses legacy attack11–12 (Wissem) or phase-responsive generic proxy (others). Separate clips require a phase→frame/asset adapter; no claim they are already wired.
Unarmed / authored phase poses,Nyx,recovery,assets/heroes/taky/unarmed-recovery.png,"128×160 transparent pose/clip aligned to original body origin; distinct fist anticipation, extension and return silhouette.",MISSING ART,Current renderer uses legacy attack11–12 (Wissem) or phase-responsive generic proxy (others). Separate clips require a phase→frame/asset adapter; no claim they are already wired.
Modular body architecture,Nyx,base,assets/cosmetics/taky/base.png,"Clean neutral-clothed/covered body rig, no replaceable outerwear/weapon baked in; 14×128×160 aligned cells.",MISSING ART,"Body.modularBody.base manifest key required. This is a substantial authored rig split, not six overlays pasted on complete clothes."
Modular body architecture,Nyx,front-mask,assets/cosmetics/taky/front.png,"Foreground hands/arms/hair occlusion mask, same 14 aligned frames.",MISSING ART,Body.modularBody.front required; optional rear sheet if clothing/hair extends behind body.
Modular body architecture,Nyx,rear-mask,assets/cosmetics/taky/rear.png,"Optional rear hair/cape/weapon-strap occlusion split, 14 aligned frames.",CONDITIONAL ART,Only needed for silhouettes with rear components. Body.modularBody.rear is supported.
Independent wardrobe slots,Nyx,hat,assets/cosmetics/taky/hat/<piece-id>.png,Each sellable piece: transparent 14×128×160 aligned sprite layer; all animation states; colors/opaque areas must not obscure required face/hand cues.,MISSING ART,"Catalog id, hero, slot, key, status:ready, cost and ownership required. Current catalog empty; art must be previewed before enabling sales."
Wardrobe previews,Nyx,hat-thumbnail,assets/cosmetics/taky/hat/<piece-id>-preview.png,"One isolated square preview/thumbnail per piece; transparent, same pixel style.",MISSING ART,Future populated catalog UI still needs to render ready-item cards; present UI explicitly says art pending.
Independent wardrobe slots,Nyx,top,assets/cosmetics/taky/top/<piece-id>.png,Each sellable piece: transparent 14×128×160 aligned sprite layer; all animation states; colors/opaque areas must not obscure required face/hand cues.,MISSING ART,"Catalog id, hero, slot, key, status:ready, cost and ownership required. Current catalog empty; art must be previewed before enabling sales."
Wardrobe previews,Nyx,top-thumbnail,assets/cosmetics/taky/top/<piece-id>-preview.png,"One isolated square preview/thumbnail per piece; transparent, same pixel style.",MISSING ART,Future populated catalog UI still needs to render ready-item cards; present UI explicitly says art pending.
Independent wardrobe slots,Nyx,bottom,assets/cosmetics/taky/bottom/<piece-id>.png,Each sellable piece: transparent 14×128×160 aligned sprite layer; all animation states; colors/opaque areas must not obscure required face/hand cues.,MISSING ART,"Catalog id, hero, slot, key, status:ready, cost and ownership required. Current catalog empty; art must be previewed before enabling sales."
Wardrobe previews,Nyx,bottom-thumbnail,assets/cosmetics/taky/bottom/<piece-id>-preview.png,"One isolated square preview/thumbnail per piece; transparent, same pixel style.",MISSING ART,Future populated catalog UI still needs to render ready-item cards; present UI explicitly says art pending.
Independent wardrobe slots,Nyx,shoes,assets/cosmetics/taky/shoes/<piece-id>.png,Each sellable piece: transparent 14×128×160 aligned sprite layer; all animation states; colors/opaque areas must not obscure required face/hand cues.,MISSING ART,"Catalog id, hero, slot, key, status:ready, cost and ownership required. Current catalog empty; art must be previewed before enabling sales."
Wardrobe previews,Nyx,shoes-thumbnail,assets/cosmetics/taky/shoes/<piece-id>-preview.png,"One isolated square preview/thumbnail per piece; transparent, same pixel style.",MISSING ART,Future populated catalog UI still needs to render ready-item cards; present UI explicitly says art pending.
Independent wardrobe slots,Nyx,eyewear,assets/cosmetics/taky/eyewear/<piece-id>.png,Each sellable piece: transparent 14×128×160 aligned sprite layer; all animation states; colors/opaque areas must not obscure required face/hand cues.,MISSING ART,"Catalog id, hero, slot, key, status:ready, cost and ownership required. Current catalog empty; art must be previewed before enabling sales."
Wardrobe previews,Nyx,eyewear-thumbnail,assets/cosmetics/taky/eyewear/<piece-id>-preview.png,"One isolated square preview/thumbnail per piece; transparent, same pixel style.",MISSING ART,Future populated catalog UI still needs to render ready-item cards; present UI explicitly says art pending.
Weapon-skin slots,Nyx,weaponSkin,assets/cosmetics/taky/weaponSkin/<skin-id>.png,"Class-matched replacement for dagger; single transparent image, explicit dimensions, normalized grip anchor, angle and logical height.",MISSING ART,Original signature PNG exists but is not a new sellable skin. New image requires a separate body and ready catalog item; no stats change.
Weapon-skin previews,Nyx,weaponSkin-thumbnail,assets/cosmetics/taky/weaponSkin/<skin-id>-preview.png,Isolated square preview of the new skin (may reuse the full single-image weapon PNG with contain fit).,MISSING ART,"Can share source image if sufficiently readable, not necessarily a separate unique drawing."
Weapon holding,Nyx,sockets,assets/heroes/taky/weapon-sockets.json,Main and offhand grip positions for all 14 frames and per-body orientation review against real signature weapon.,MISSING ART / RIG DATA,Do not enable separate until clean body is approved. Bront hammer and Sol lance need corrected silhouettes.
Unarmed / clean rig,Bront,body,assets/heroes/garsi/body-unarmed.png,"Weapon-free body, transparent 128×160 cells, all 14 legacy frames: idle0, run1–8, jump9, fall10, attack11–12, dodge13. Retain original identity and draw envelope.",MISSING ART,"Do not paint over/erase held weapons without redrawing occluded hands, torso and outfit; training proxy is temporary."
Unarmed / lobby,Bront,idle-guard,assets/heroes/garsi/unarmed-guard.png,"Distinct readable bare-hand guard/idle, 128×160, same origin as body.",MISSING ART,A dedicated guard clip needs a manifest hook when supplied; presently the labelled generic proxy is shown.
Unarmed / authored phase poses,Bront,startup,assets/heroes/garsi/unarmed-startup.png,"128×160 transparent pose/clip aligned to original body origin; distinct fist anticipation, extension and return silhouette.",MISSING ART,Current renderer uses legacy attack11–12 (Wissem) or phase-responsive generic proxy (others). Separate clips require a phase→frame/asset adapter; no claim they are already wired.
Unarmed / authored phase poses,Bront,active,assets/heroes/garsi/unarmed-active.png,"128×160 transparent pose/clip aligned to original body origin; distinct fist anticipation, extension and return silhouette.",MISSING ART,Current renderer uses legacy attack11–12 (Wissem) or phase-responsive generic proxy (others). Separate clips require a phase→frame/asset adapter; no claim they are already wired.
Unarmed / authored phase poses,Bront,recovery,assets/heroes/garsi/unarmed-recovery.png,"128×160 transparent pose/clip aligned to original body origin; distinct fist anticipation, extension and return silhouette.",MISSING ART,Current renderer uses legacy attack11–12 (Wissem) or phase-responsive generic proxy (others). Separate clips require a phase→frame/asset adapter; no claim they are already wired.
Modular body architecture,Bront,base,assets/cosmetics/garsi/base.png,"Clean neutral-clothed/covered body rig, no replaceable outerwear/weapon baked in; 14×128×160 aligned cells.",MISSING ART,"Body.modularBody.base manifest key required. This is a substantial authored rig split, not six overlays pasted on complete clothes."
Modular body architecture,Bront,front-mask,assets/cosmetics/garsi/front.png,"Foreground hands/arms/hair occlusion mask, same 14 aligned frames.",MISSING ART,Body.modularBody.front required; optional rear sheet if clothing/hair extends behind body.
Modular body architecture,Bront,rear-mask,assets/cosmetics/garsi/rear.png,"Optional rear hair/cape/weapon-strap occlusion split, 14 aligned frames.",CONDITIONAL ART,Only needed for silhouettes with rear components. Body.modularBody.rear is supported.
Independent wardrobe slots,Bront,hat,assets/cosmetics/garsi/hat/<piece-id>.png,Each sellable piece: transparent 14×128×160 aligned sprite layer; all animation states; colors/opaque areas must not obscure required face/hand cues.,MISSING ART,"Catalog id, hero, slot, key, status:ready, cost and ownership required. Current catalog empty; art must be previewed before enabling sales."
Wardrobe previews,Bront,hat-thumbnail,assets/cosmetics/garsi/hat/<piece-id>-preview.png,"One isolated square preview/thumbnail per piece; transparent, same pixel style.",MISSING ART,Future populated catalog UI still needs to render ready-item cards; present UI explicitly says art pending.
Independent wardrobe slots,Bront,top,assets/cosmetics/garsi/top/<piece-id>.png,Each sellable piece: transparent 14×128×160 aligned sprite layer; all animation states; colors/opaque areas must not obscure required face/hand cues.,MISSING ART,"Catalog id, hero, slot, key, status:ready, cost and ownership required. Current catalog empty; art must be previewed before enabling sales."
Wardrobe previews,Bront,top-thumbnail,assets/cosmetics/garsi/top/<piece-id>-preview.png,"One isolated square preview/thumbnail per piece; transparent, same pixel style.",MISSING ART,Future populated catalog UI still needs to render ready-item cards; present UI explicitly says art pending.
Independent wardrobe slots,Bront,bottom,assets/cosmetics/garsi/bottom/<piece-id>.png,Each sellable piece: transparent 14×128×160 aligned sprite layer; all animation states; colors/opaque areas must not obscure required face/hand cues.,MISSING ART,"Catalog id, hero, slot, key, status:ready, cost and ownership required. Current catalog empty; art must be previewed before enabling sales."
Wardrobe previews,Bront,bottom-thumbnail,assets/cosmetics/garsi/bottom/<piece-id>-preview.png,"One isolated square preview/thumbnail per piece; transparent, same pixel style.",MISSING ART,Future populated catalog UI still needs to render ready-item cards; present UI explicitly says art pending.
Independent wardrobe slots,Bront,shoes,assets/cosmetics/garsi/shoes/<piece-id>.png,Each sellable piece: transparent 14×128×160 aligned sprite layer; all animation states; colors/opaque areas must not obscure required face/hand cues.,MISSING ART,"Catalog id, hero, slot, key, status:ready, cost and ownership required. Current catalog empty; art must be previewed before enabling sales."
Wardrobe previews,Bront,shoes-thumbnail,assets/cosmetics/garsi/shoes/<piece-id>-preview.png,"One isolated square preview/thumbnail per piece; transparent, same pixel style.",MISSING ART,Future populated catalog UI still needs to render ready-item cards; present UI explicitly says art pending.
Independent wardrobe slots,Bront,eyewear,assets/cosmetics/garsi/eyewear/<piece-id>.png,Each sellable piece: transparent 14×128×160 aligned sprite layer; all animation states; colors/opaque areas must not obscure required face/hand cues.,MISSING ART,"Catalog id, hero, slot, key, status:ready, cost and ownership required. Current catalog empty; art must be previewed before enabling sales."
Wardrobe previews,Bront,eyewear-thumbnail,assets/cosmetics/garsi/eyewear/<piece-id>-preview.png,"One isolated square preview/thumbnail per piece; transparent, same pixel style.",MISSING ART,Future populated catalog UI still needs to render ready-item cards; present UI explicitly says art pending.
Weapon-skin slots,Bront,weaponSkin,assets/cosmetics/garsi/weaponSkin/<skin-id>.png,"Class-matched replacement for shield; single transparent image, explicit dimensions, normalized grip anchor, angle and logical height.",MISSING ART,Original signature PNG exists but is not a new sellable skin. New image requires a separate body and ready catalog item; no stats change.
Weapon-skin previews,Bront,weaponSkin-thumbnail,assets/cosmetics/garsi/weaponSkin/<skin-id>-preview.png,Isolated square preview of the new skin (may reuse the full single-image weapon PNG with contain fit).,MISSING ART,"Can share source image if sufficiently readable, not necessarily a separate unique drawing."
Weapon holding,Bront,sockets,assets/heroes/garsi/weapon-sockets.json,Main and offhand grip positions for all 14 frames and per-body orientation review against real signature weapon.,MISSING ART / RIG DATA,Do not enable separate until clean body is approved. Bront hammer and Sol lance need corrected silhouettes.
Unarmed / clean rig,Zephyr,body,assets/heroes/tounsi/body-unarmed.png,"Weapon-free body, transparent 128×160 cells, all 14 legacy frames: idle0, run1–8, jump9, fall10, attack11–12, dodge13. Retain original identity and draw envelope.",MISSING ART,"Do not paint over/erase held weapons without redrawing occluded hands, torso and outfit; training proxy is temporary."
Unarmed / lobby,Zephyr,idle-guard,assets/heroes/tounsi/unarmed-guard.png,"Distinct readable bare-hand guard/idle, 128×160, same origin as body.",MISSING ART,A dedicated guard clip needs a manifest hook when supplied; presently the labelled generic proxy is shown.
Unarmed / authored phase poses,Zephyr,startup,assets/heroes/tounsi/unarmed-startup.png,"128×160 transparent pose/clip aligned to original body origin; distinct fist anticipation, extension and return silhouette.",MISSING ART,Current renderer uses legacy attack11–12 (Wissem) or phase-responsive generic proxy (others). Separate clips require a phase→frame/asset adapter; no claim they are already wired.
Unarmed / authored phase poses,Zephyr,active,assets/heroes/tounsi/unarmed-active.png,"128×160 transparent pose/clip aligned to original body origin; distinct fist anticipation, extension and return silhouette.",MISSING ART,Current renderer uses legacy attack11–12 (Wissem) or phase-responsive generic proxy (others). Separate clips require a phase→frame/asset adapter; no claim they are already wired.
Unarmed / authored phase poses,Zephyr,recovery,assets/heroes/tounsi/unarmed-recovery.png,"128×160 transparent pose/clip aligned to original body origin; distinct fist anticipation, extension and return silhouette.",MISSING ART,Current renderer uses legacy attack11–12 (Wissem) or phase-responsive generic proxy (others). Separate clips require a phase→frame/asset adapter; no claim they are already wired.
Modular body architecture,Zephyr,base,assets/cosmetics/tounsi/base.png,"Clean neutral-clothed/covered body rig, no replaceable outerwear/weapon baked in; 14×128×160 aligned cells.",MISSING ART,"Body.modularBody.base manifest key required. This is a substantial authored rig split, not six overlays pasted on complete clothes."
Modular body architecture,Zephyr,front-mask,assets/cosmetics/tounsi/front.png,"Foreground hands/arms/hair occlusion mask, same 14 aligned frames.",MISSING ART,Body.modularBody.front required; optional rear sheet if clothing/hair extends behind body.
Modular body architecture,Zephyr,rear-mask,assets/cosmetics/tounsi/rear.png,"Optional rear hair/cape/weapon-strap occlusion split, 14 aligned frames.",CONDITIONAL ART,Only needed for silhouettes with rear components. Body.modularBody.rear is supported.
Independent wardrobe slots,Zephyr,hat,assets/cosmetics/tounsi/hat/<piece-id>.png,Each sellable piece: transparent 14×128×160 aligned sprite layer; all animation states; colors/opaque areas must not obscure required face/hand cues.,MISSING ART,"Catalog id, hero, slot, key, status:ready, cost and ownership required. Current catalog empty; art must be previewed before enabling sales."
Wardrobe previews,Zephyr,hat-thumbnail,assets/cosmetics/tounsi/hat/<piece-id>-preview.png,"One isolated square preview/thumbnail per piece; transparent, same pixel style.",MISSING ART,Future populated catalog UI still needs to render ready-item cards; present UI explicitly says art pending.
Independent wardrobe slots,Zephyr,top,assets/cosmetics/tounsi/top/<piece-id>.png,Each sellable piece: transparent 14×128×160 aligned sprite layer; all animation states; colors/opaque areas must not obscure required face/hand cues.,MISSING ART,"Catalog id, hero, slot, key, status:ready, cost and ownership required. Current catalog empty; art must be previewed before enabling sales."
Wardrobe previews,Zephyr,top-thumbnail,assets/cosmetics/tounsi/top/<piece-id>-preview.png,"One isolated square preview/thumbnail per piece; transparent, same pixel style.",MISSING ART,Future populated catalog UI still needs to render ready-item cards; present UI explicitly says art pending.
Independent wardrobe slots,Zephyr,bottom,assets/cosmetics/tounsi/bottom/<piece-id>.png,Each sellable piece: transparent 14×128×160 aligned sprite layer; all animation states; colors/opaque areas must not obscure required face/hand cues.,MISSING ART,"Catalog id, hero, slot, key, status:ready, cost and ownership required. Current catalog empty; art must be previewed before enabling sales."
Wardrobe previews,Zephyr,bottom-thumbnail,assets/cosmetics/tounsi/bottom/<piece-id>-preview.png,"One isolated square preview/thumbnail per piece; transparent, same pixel style.",MISSING ART,Future populated catalog UI still needs to render ready-item cards; present UI explicitly says art pending.
Independent wardrobe slots,Zephyr,shoes,assets/cosmetics/tounsi/shoes/<piece-id>.png,Each sellable piece: transparent 14×128×160 aligned sprite layer; all animation states; colors/opaque areas must not obscure required face/hand cues.,MISSING ART,"Catalog id, hero, slot, key, status:ready, cost and ownership required. Current catalog empty; art must be previewed before enabling sales."
Wardrobe previews,Zephyr,shoes-thumbnail,assets/cosmetics/tounsi/shoes/<piece-id>-preview.png,"One isolated square preview/thumbnail per piece; transparent, same pixel style.",MISSING ART,Future populated catalog UI still needs to render ready-item cards; present UI explicitly says art pending.
Independent wardrobe slots,Zephyr,eyewear,assets/cosmetics/tounsi/eyewear/<piece-id>.png,Each sellable piece: transparent 14×128×160 aligned sprite layer; all animation states; colors/opaque areas must not obscure required face/hand cues.,MISSING ART,"Catalog id, hero, slot, key, status:ready, cost and ownership required. Current catalog empty; art must be previewed before enabling sales."
Wardrobe previews,Zephyr,eyewear-thumbnail,assets/cosmetics/tounsi/eyewear/<piece-id>-preview.png,"One isolated square preview/thumbnail per piece; transparent, same pixel style.",MISSING ART,Future populated catalog UI still needs to render ready-item cards; present UI explicitly says art pending.
Weapon-skin slots,Zephyr,weaponSkin,assets/cosmetics/tounsi/weaponSkin/<skin-id>.png,"Class-matched replacement for sabre; single transparent image, explicit dimensions, normalized grip anchor, angle and logical height.",MISSING ART,Original signature PNG exists but is not a new sellable skin. New image requires a separate body and ready catalog item; no stats change.
Weapon-skin previews,Zephyr,weaponSkin-thumbnail,assets/cosmetics/tounsi/weaponSkin/<skin-id>-preview.png,Isolated square preview of the new skin (may reuse the full single-image weapon PNG with contain fit).,MISSING ART,"Can share source image if sufficiently readable, not necessarily a separate unique drawing."
Weapon holding,Zephyr,sockets,assets/heroes/tounsi/weapon-sockets.json,Main and offhand grip positions for all 14 frames and per-body orientation review against real signature weapon.,MISSING ART / RIG DATA,Do not enable separate until clean body is approved. Bront hammer and Sol lance need corrected silhouettes.
Unarmed / clean rig,Volt,body,assets/heroes/youssef/body-unarmed.png,"Weapon-free body, transparent 128×160 cells, all 14 legacy frames: idle0, run1–8, jump9, fall10, attack11–12, dodge13. Retain original identity and draw envelope.",MISSING ART,"Do not paint over/erase held weapons without redrawing occluded hands, torso and outfit; training proxy is temporary."
Unarmed / lobby,Volt,idle-guard,assets/heroes/youssef/unarmed-guard.png,"Distinct readable bare-hand guard/idle, 128×160, same origin as body.",MISSING ART,A dedicated guard clip needs a manifest hook when supplied; presently the labelled generic proxy is shown.
Unarmed / authored phase poses,Volt,startup,assets/heroes/youssef/unarmed-startup.png,"128×160 transparent pose/clip aligned to original body origin; distinct fist anticipation, extension and return silhouette.",MISSING ART,Current renderer uses legacy attack11–12 (Wissem) or phase-responsive generic proxy (others). Separate clips require a phase→frame/asset adapter; no claim they are already wired.
Unarmed / authored phase poses,Volt,active,assets/heroes/youssef/unarmed-active.png,"128×160 transparent pose/clip aligned to original body origin; distinct fist anticipation, extension and return silhouette.",MISSING ART,Current renderer uses legacy attack11–12 (Wissem) or phase-responsive generic proxy (others). Separate clips require a phase→frame/asset adapter; no claim they are already wired.
Unarmed / authored phase poses,Volt,recovery,assets/heroes/youssef/unarmed-recovery.png,"128×160 transparent pose/clip aligned to original body origin; distinct fist anticipation, extension and return silhouette.",MISSING ART,Current renderer uses legacy attack11–12 (Wissem) or phase-responsive generic proxy (others). Separate clips require a phase→frame/asset adapter; no claim they are already wired.
Modular body architecture,Volt,base,assets/cosmetics/youssef/base.png,"Clean neutral-clothed/covered body rig, no replaceable outerwear/weapon baked in; 14×128×160 aligned cells.",MISSING ART,"Body.modularBody.base manifest key required. This is a substantial authored rig split, not six overlays pasted on complete clothes."
Modular body architecture,Volt,front-mask,assets/cosmetics/youssef/front.png,"Foreground hands/arms/hair occlusion mask, same 14 aligned frames.",MISSING ART,Body.modularBody.front required; optional rear sheet if clothing/hair extends behind body.
Modular body architecture,Volt,rear-mask,assets/cosmetics/youssef/rear.png,"Optional rear hair/cape/weapon-strap occlusion split, 14 aligned frames.",CONDITIONAL ART,Only needed for silhouettes with rear components. Body.modularBody.rear is supported.
Independent wardrobe slots,Volt,hat,assets/cosmetics/youssef/hat/<piece-id>.png,Each sellable piece: transparent 14×128×160 aligned sprite layer; all animation states; colors/opaque areas must not obscure required face/hand cues.,MISSING ART,"Catalog id, hero, slot, key, status:ready, cost and ownership required. Current catalog empty; art must be previewed before enabling sales."
Wardrobe previews,Volt,hat-thumbnail,assets/cosmetics/youssef/hat/<piece-id>-preview.png,"One isolated square preview/thumbnail per piece; transparent, same pixel style.",MISSING ART,Future populated catalog UI still needs to render ready-item cards; present UI explicitly says art pending.
Independent wardrobe slots,Volt,top,assets/cosmetics/youssef/top/<piece-id>.png,Each sellable piece: transparent 14×128×160 aligned sprite layer; all animation states; colors/opaque areas must not obscure required face/hand cues.,MISSING ART,"Catalog id, hero, slot, key, status:ready, cost and ownership required. Current catalog empty; art must be previewed before enabling sales."
Wardrobe previews,Volt,top-thumbnail,assets/cosmetics/youssef/top/<piece-id>-preview.png,"One isolated square preview/thumbnail per piece; transparent, same pixel style.",MISSING ART,Future populated catalog UI still needs to render ready-item cards; present UI explicitly says art pending.
Independent wardrobe slots,Volt,bottom,assets/cosmetics/youssef/bottom/<piece-id>.png,Each sellable piece: transparent 14×128×160 aligned sprite layer; all animation states; colors/opaque areas must not obscure required face/hand cues.,MISSING ART,"Catalog id, hero, slot, key, status:ready, cost and ownership required. Current catalog empty; art must be previewed before enabling sales."
Wardrobe previews,Volt,bottom-thumbnail,assets/cosmetics/youssef/bottom/<piece-id>-preview.png,"One isolated square preview/thumbnail per piece; transparent, same pixel style.",MISSING ART,Future populated catalog UI still needs to render ready-item cards; present UI explicitly says art pending.
Independent wardrobe slots,Volt,shoes,assets/cosmetics/youssef/shoes/<piece-id>.png,Each sellable piece: transparent 14×128×160 aligned sprite layer; all animation states; colors/opaque areas must not obscure required face/hand cues.,MISSING ART,"Catalog id, hero, slot, key, status:ready, cost and ownership required. Current catalog empty; art must be previewed before enabling sales."
Wardrobe previews,Volt,shoes-thumbnail,assets/cosmetics/youssef/shoes/<piece-id>-preview.png,"One isolated square preview/thumbnail per piece; transparent, same pixel style.",MISSING ART,Future populated catalog UI still needs to render ready-item cards; present UI explicitly says art pending.
Independent wardrobe slots,Volt,eyewear,assets/cosmetics/youssef/eyewear/<piece-id>.png,Each sellable piece: transparent 14×128×160 aligned sprite layer; all animation states; colors/opaque areas must not obscure required face/hand cues.,MISSING ART,"Catalog id, hero, slot, key, status:ready, cost and ownership required. Current catalog empty; art must be previewed before enabling sales."
Wardrobe previews,Volt,eyewear-thumbnail,assets/cosmetics/youssef/eyewear/<piece-id>-preview.png,"One isolated square preview/thumbnail per piece; transparent, same pixel style.",MISSING ART,Future populated catalog UI still needs to render ready-item cards; present UI explicitly says art pending.
Weapon-skin slots,Volt,weaponSkin,assets/cosmetics/youssef/weaponSkin/<skin-id>.png,"Class-matched replacement for gadget; single transparent image, explicit dimensions, normalized grip anchor, angle and logical height.",MISSING ART,Original signature PNG exists but is not a new sellable skin. New image requires a separate body and ready catalog item; no stats change.
Weapon-skin previews,Volt,weaponSkin-thumbnail,assets/cosmetics/youssef/weaponSkin/<skin-id>-preview.png,Isolated square preview of the new skin (may reuse the full single-image weapon PNG with contain fit).,MISSING ART,"Can share source image if sufficiently readable, not necessarily a separate unique drawing."
Weapon holding,Volt,sockets,assets/heroes/youssef/weapon-sockets.json,Main and offhand grip positions for all 14 frames and per-body orientation review against real signature weapon.,MISSING ART / RIG DATA,Do not enable separate until clean body is approved. Bront hammer and Sol lance need corrected silhouettes.
Unarmed / clean rig,Skye,body,assets/heroes/loey/body-unarmed.png,"Weapon-free body, transparent 128×160 cells, all 14 legacy frames: idle0, run1–8, jump9, fall10, attack11–12, dodge13. Retain original identity and draw envelope.",MISSING ART,"Do not paint over/erase held weapons without redrawing occluded hands, torso and outfit; training proxy is temporary."
Unarmed / lobby,Skye,idle-guard,assets/heroes/loey/unarmed-guard.png,"Distinct readable bare-hand guard/idle, 128×160, same origin as body.",MISSING ART,A dedicated guard clip needs a manifest hook when supplied; presently the labelled generic proxy is shown.
Unarmed / authored phase poses,Skye,startup,assets/heroes/loey/unarmed-startup.png,"128×160 transparent pose/clip aligned to original body origin; distinct fist anticipation, extension and return silhouette.",MISSING ART,Current renderer uses legacy attack11–12 (Wissem) or phase-responsive generic proxy (others). Separate clips require a phase→frame/asset adapter; no claim they are already wired.
Unarmed / authored phase poses,Skye,active,assets/heroes/loey/unarmed-active.png,"128×160 transparent pose/clip aligned to original body origin; distinct fist anticipation, extension and return silhouette.",MISSING ART,Current renderer uses legacy attack11–12 (Wissem) or phase-responsive generic proxy (others). Separate clips require a phase→frame/asset adapter; no claim they are already wired.
Unarmed / authored phase poses,Skye,recovery,assets/heroes/loey/unarmed-recovery.png,"128×160 transparent pose/clip aligned to original body origin; distinct fist anticipation, extension and return silhouette.",MISSING ART,Current renderer uses legacy attack11–12 (Wissem) or phase-responsive generic proxy (others). Separate clips require a phase→frame/asset adapter; no claim they are already wired.
Modular body architecture,Skye,base,assets/cosmetics/loey/base.png,"Clean neutral-clothed/covered body rig, no replaceable outerwear/weapon baked in; 14×128×160 aligned cells.",MISSING ART,"Body.modularBody.base manifest key required. This is a substantial authored rig split, not six overlays pasted on complete clothes."
Modular body architecture,Skye,front-mask,assets/cosmetics/loey/front.png,"Foreground hands/arms/hair occlusion mask, same 14 aligned frames.",MISSING ART,Body.modularBody.front required; optional rear sheet if clothing/hair extends behind body.
Modular body architecture,Skye,rear-mask,assets/cosmetics/loey/rear.png,"Optional rear hair/cape/weapon-strap occlusion split, 14 aligned frames.",CONDITIONAL ART,Only needed for silhouettes with rear components. Body.modularBody.rear is supported.
Independent wardrobe slots,Skye,hat,assets/cosmetics/loey/hat/<piece-id>.png,Each sellable piece: transparent 14×128×160 aligned sprite layer; all animation states; colors/opaque areas must not obscure required face/hand cues.,MISSING ART,"Catalog id, hero, slot, key, status:ready, cost and ownership required. Current catalog empty; art must be previewed before enabling sales."
Wardrobe previews,Skye,hat-thumbnail,assets/cosmetics/loey/hat/<piece-id>-preview.png,"One isolated square preview/thumbnail per piece; transparent, same pixel style.",MISSING ART,Future populated catalog UI still needs to render ready-item cards; present UI explicitly says art pending.
Independent wardrobe slots,Skye,top,assets/cosmetics/loey/top/<piece-id>.png,Each sellable piece: transparent 14×128×160 aligned sprite layer; all animation states; colors/opaque areas must not obscure required face/hand cues.,MISSING ART,"Catalog id, hero, slot, key, status:ready, cost and ownership required. Current catalog empty; art must be previewed before enabling sales."
Wardrobe previews,Skye,top-thumbnail,assets/cosmetics/loey/top/<piece-id>-preview.png,"One isolated square preview/thumbnail per piece; transparent, same pixel style.",MISSING ART,Future populated catalog UI still needs to render ready-item cards; present UI explicitly says art pending.
Independent wardrobe slots,Skye,bottom,assets/cosmetics/loey/bottom/<piece-id>.png,Each sellable piece: transparent 14×128×160 aligned sprite layer; all animation states; colors/opaque areas must not obscure required face/hand cues.,MISSING ART,"Catalog id, hero, slot, key, status:ready, cost and ownership required. Current catalog empty; art must be previewed before enabling sales."
Wardrobe previews,Skye,bottom-thumbnail,assets/cosmetics/loey/bottom/<piece-id>-preview.png,"One isolated square preview/thumbnail per piece; transparent, same pixel style.",MISSING ART,Future populated catalog UI still needs to render ready-item cards; present UI explicitly says art pending.
Independent wardrobe slots,Skye,shoes,assets/cosmetics/loey/shoes/<piece-id>.png,Each sellable piece: transparent 14×128×160 aligned sprite layer; all animation states; colors/opaque areas must not obscure required face/hand cues.,MISSING ART,"Catalog id, hero, slot, key, status:ready, cost and ownership required. Current catalog empty; art must be previewed before enabling sales."
Wardrobe previews,Skye,shoes-thumbnail,assets/cosmetics/loey/shoes/<piece-id>-preview.png,"One isolated square preview/thumbnail per piece; transparent, same pixel style.",MISSING ART,Future populated catalog UI still needs to render ready-item cards; present UI explicitly says art pending.
Independent wardrobe slots,Skye,eyewear,assets/cosmetics/loey/eyewear/<piece-id>.png,Each sellable piece: transparent 14×128×160 aligned sprite layer; all animation states; colors/opaque areas must not obscure required face/hand cues.,MISSING ART,"Catalog id, hero, slot, key, status:ready, cost and ownership required. Current catalog empty; art must be previewed before enabling sales."
Wardrobe previews,Skye,eyewear-thumbnail,assets/cosmetics/loey/eyewear/<piece-id>-preview.png,"One isolated square preview/thumbnail per piece; transparent, same pixel style.",MISSING ART,Future populated catalog UI still needs to render ready-item cards; present UI explicitly says art pending.
Weapon-skin slots,Skye,weaponSkin,assets/cosmetics/loey/weaponSkin/<skin-id>.png,"Class-matched replacement for bow; single transparent image, explicit dimensions, normalized grip anchor, angle and logical height.",MISSING ART,Original signature PNG exists but is not a new sellable skin. New image requires a separate body and ready catalog item; no stats change.
Weapon-skin previews,Skye,weaponSkin-thumbnail,assets/cosmetics/loey/weaponSkin/<skin-id>-preview.png,Isolated square preview of the new skin (may reuse the full single-image weapon PNG with contain fit).,MISSING ART,"Can share source image if sufficiently readable, not necessarily a separate unique drawing."
Weapon holding,Skye,sockets,assets/heroes/loey/weapon-sockets.json,Main and offhand grip positions for all 14 frames and per-body orientation review against real signature weapon.,MISSING ART / RIG DATA,Do not enable separate until clean body is approved. Bront hammer and Sol lance need corrected silhouettes.
Unarmed / clean rig,Sol,body,assets/heroes/rayan/body-unarmed.png,"Weapon-free body, transparent 128×160 cells, all 14 legacy frames: idle0, run1–8, jump9, fall10, attack11–12, dodge13. Retain original identity and draw envelope.",MISSING ART,"Do not paint over/erase held weapons without redrawing occluded hands, torso and outfit; training proxy is temporary."
Unarmed / lobby,Sol,idle-guard,assets/heroes/rayan/unarmed-guard.png,"Distinct readable bare-hand guard/idle, 128×160, same origin as body.",MISSING ART,A dedicated guard clip needs a manifest hook when supplied; presently the labelled generic proxy is shown.
Unarmed / authored phase poses,Sol,startup,assets/heroes/rayan/unarmed-startup.png,"128×160 transparent pose/clip aligned to original body origin; distinct fist anticipation, extension and return silhouette.",MISSING ART,Current renderer uses legacy attack11–12 (Wissem) or phase-responsive generic proxy (others). Separate clips require a phase→frame/asset adapter; no claim they are already wired.
Unarmed / authored phase poses,Sol,active,assets/heroes/rayan/unarmed-active.png,"128×160 transparent pose/clip aligned to original body origin; distinct fist anticipation, extension and return silhouette.",MISSING ART,Current renderer uses legacy attack11–12 (Wissem) or phase-responsive generic proxy (others). Separate clips require a phase→frame/asset adapter; no claim they are already wired.
Unarmed / authored phase poses,Sol,recovery,assets/heroes/rayan/unarmed-recovery.png,"128×160 transparent pose/clip aligned to original body origin; distinct fist anticipation, extension and return silhouette.",MISSING ART,Current renderer uses legacy attack11–12 (Wissem) or phase-responsive generic proxy (others). Separate clips require a phase→frame/asset adapter; no claim they are already wired.
Modular body architecture,Sol,base,assets/cosmetics/rayan/base.png,"Clean neutral-clothed/covered body rig, no replaceable outerwear/weapon baked in; 14×128×160 aligned cells.",MISSING ART,"Body.modularBody.base manifest key required. This is a substantial authored rig split, not six overlays pasted on complete clothes."
Modular body architecture,Sol,front-mask,assets/cosmetics/rayan/front.png,"Foreground hands/arms/hair occlusion mask, same 14 aligned frames.",MISSING ART,Body.modularBody.front required; optional rear sheet if clothing/hair extends behind body.
Modular body architecture,Sol,rear-mask,assets/cosmetics/rayan/rear.png,"Optional rear hair/cape/weapon-strap occlusion split, 14 aligned frames.",CONDITIONAL ART,Only needed for silhouettes with rear components. Body.modularBody.rear is supported.
Independent wardrobe slots,Sol,hat,assets/cosmetics/rayan/hat/<piece-id>.png,Each sellable piece: transparent 14×128×160 aligned sprite layer; all animation states; colors/opaque areas must not obscure required face/hand cues.,MISSING ART,"Catalog id, hero, slot, key, status:ready, cost and ownership required. Current catalog empty; art must be previewed before enabling sales."
Wardrobe previews,Sol,hat-thumbnail,assets/cosmetics/rayan/hat/<piece-id>-preview.png,"One isolated square preview/thumbnail per piece; transparent, same pixel style.",MISSING ART,Future populated catalog UI still needs to render ready-item cards; present UI explicitly says art pending.
Independent wardrobe slots,Sol,top,assets/cosmetics/rayan/top/<piece-id>.png,Each sellable piece: transparent 14×128×160 aligned sprite layer; all animation states; colors/opaque areas must not obscure required face/hand cues.,MISSING ART,"Catalog id, hero, slot, key, status:ready, cost and ownership required. Current catalog empty; art must be previewed before enabling sales."
Wardrobe previews,Sol,top-thumbnail,assets/cosmetics/rayan/top/<piece-id>-preview.png,"One isolated square preview/thumbnail per piece; transparent, same pixel style.",MISSING ART,Future populated catalog UI still needs to render ready-item cards; present UI explicitly says art pending.
Independent wardrobe slots,Sol,bottom,assets/cosmetics/rayan/bottom/<piece-id>.png,Each sellable piece: transparent 14×128×160 aligned sprite layer; all animation states; colors/opaque areas must not obscure required face/hand cues.,MISSING ART,"Catalog id, hero, slot, key, status:ready, cost and ownership required. Current catalog empty; art must be previewed before enabling sales."
Wardrobe previews,Sol,bottom-thumbnail,assets/cosmetics/rayan/bottom/<piece-id>-preview.png,"One isolated square preview/thumbnail per piece; transparent, same pixel style.",MISSING ART,Future populated catalog UI still needs to render ready-item cards; present UI explicitly says art pending.
Independent wardrobe slots,Sol,shoes,assets/cosmetics/rayan/shoes/<piece-id>.png,Each sellable piece: transparent 14×128×160 aligned sprite layer; all animation states; colors/opaque areas must not obscure required face/hand cues.,MISSING ART,"Catalog id, hero, slot, key, status:ready, cost and ownership required. Current catalog empty; art must be previewed before enabling sales."
Wardrobe previews,Sol,shoes-thumbnail,assets/cosmetics/rayan/shoes/<piece-id>-preview.png,"One isolated square preview/thumbnail per piece; transparent, same pixel style.",MISSING ART,Future populated catalog UI still needs to render ready-item cards; present UI explicitly says art pending.
Independent wardrobe slots,Sol,eyewear,assets/cosmetics/rayan/eyewear/<piece-id>.png,Each sellable piece: transparent 14×128×160 aligned sprite layer; all animation states; colors/opaque areas must not obscure required face/hand cues.,MISSING ART,"Catalog id, hero, slot, key, status:ready, cost and ownership required. Current catalog empty; art must be previewed before enabling sales."
Wardrobe previews,Sol,eyewear-thumbnail,assets/cosmetics/rayan/eyewear/<piece-id>-preview.png,"One isolated square preview/thumbnail per piece; transparent, same pixel style.",MISSING ART,Future populated catalog UI still needs to render ready-item cards; present UI explicitly says art pending.
Weapon-skin slots,Sol,weaponSkin,assets/cosmetics/rayan/weaponSkin/<skin-id>.png,"Class-matched replacement for lance; single transparent image, explicit dimensions, normalized grip anchor, angle and logical height.",MISSING ART,Original signature PNG exists but is not a new sellable skin. New image requires a separate body and ready catalog item; no stats change.
Weapon-skin previews,Sol,weaponSkin-thumbnail,assets/cosmetics/rayan/weaponSkin/<skin-id>-preview.png,Isolated square preview of the new skin (may reuse the full single-image weapon PNG with contain fit).,MISSING ART,"Can share source image if sufficiently readable, not necessarily a separate unique drawing."
Weapon holding,Sol,sockets,assets/heroes/rayan/weapon-sockets.json,Main and offhand grip positions for all 14 frames and per-body orientation review against real signature weapon.,MISSING ART / RIG DATA,Do not enable separate until clean body is approved. Bront hammer and Sol lance need corrected silhouettes.
Unarmed / clean rig,Rime,body,assets/heroes/mira/body-unarmed.png,"Weapon-free body, transparent 128×160 cells, all 14 legacy frames: idle0, run1–8, jump9, fall10, attack11–12, dodge13. Retain original identity and draw envelope.",MISSING ART,"Do not paint over/erase held weapons without redrawing occluded hands, torso and outfit; training proxy is temporary."
Unarmed / lobby,Rime,idle-guard,assets/heroes/mira/unarmed-guard.png,"Distinct readable bare-hand guard/idle, 128×160, same origin as body.",MISSING ART,A dedicated guard clip needs a manifest hook when supplied; presently the labelled generic proxy is shown.
Unarmed / authored phase poses,Rime,startup,assets/heroes/mira/unarmed-startup.png,"128×160 transparent pose/clip aligned to original body origin; distinct fist anticipation, extension and return silhouette.",MISSING ART,Current renderer uses legacy attack11–12 (Wissem) or phase-responsive generic proxy (others). Separate clips require a phase→frame/asset adapter; no claim they are already wired.
Unarmed / authored phase poses,Rime,active,assets/heroes/mira/unarmed-active.png,"128×160 transparent pose/clip aligned to original body origin; distinct fist anticipation, extension and return silhouette.",MISSING ART,Current renderer uses legacy attack11–12 (Wissem) or phase-responsive generic proxy (others). Separate clips require a phase→frame/asset adapter; no claim they are already wired.
Unarmed / authored phase poses,Rime,recovery,assets/heroes/mira/unarmed-recovery.png,"128×160 transparent pose/clip aligned to original body origin; distinct fist anticipation, extension and return silhouette.",MISSING ART,Current renderer uses legacy attack11–12 (Wissem) or phase-responsive generic proxy (others). Separate clips require a phase→frame/asset adapter; no claim they are already wired.
Modular body architecture,Rime,base,assets/cosmetics/mira/base.png,"Clean neutral-clothed/covered body rig, no replaceable outerwear/weapon baked in; 14×128×160 aligned cells.",MISSING ART,"Body.modularBody.base manifest key required. This is a substantial authored rig split, not six overlays pasted on complete clothes."
Modular body architecture,Rime,front-mask,assets/cosmetics/mira/front.png,"Foreground hands/arms/hair occlusion mask, same 14 aligned frames.",MISSING ART,Body.modularBody.front required; optional rear sheet if clothing/hair extends behind body.
Modular body architecture,Rime,rear-mask,assets/cosmetics/mira/rear.png,"Optional rear hair/cape/weapon-strap occlusion split, 14 aligned frames.",CONDITIONAL ART,Only needed for silhouettes with rear components. Body.modularBody.rear is supported.
Independent wardrobe slots,Rime,hat,assets/cosmetics/mira/hat/<piece-id>.png,Each sellable piece: transparent 14×128×160 aligned sprite layer; all animation states; colors/opaque areas must not obscure required face/hand cues.,MISSING ART,"Catalog id, hero, slot, key, status:ready, cost and ownership required. Current catalog empty; art must be previewed before enabling sales."
Wardrobe previews,Rime,hat-thumbnail,assets/cosmetics/mira/hat/<piece-id>-preview.png,"One isolated square preview/thumbnail per piece; transparent, same pixel style.",MISSING ART,Future populated catalog UI still needs to render ready-item cards; present UI explicitly says art pending.
Independent wardrobe slots,Rime,top,assets/cosmetics/mira/top/<piece-id>.png,Each sellable piece: transparent 14×128×160 aligned sprite layer; all animation states; colors/opaque areas must not obscure required face/hand cues.,MISSING ART,"Catalog id, hero, slot, key, status:ready, cost and ownership required. Current catalog empty; art must be previewed before enabling sales."
Wardrobe previews,Rime,top-thumbnail,assets/cosmetics/mira/top/<piece-id>-preview.png,"One isolated square preview/thumbnail per piece; transparent, same pixel style.",MISSING ART,Future populated catalog UI still needs to render ready-item cards; present UI explicitly says art pending.
Independent wardrobe slots,Rime,bottom,assets/cosmetics/mira/bottom/<piece-id>.png,Each sellable piece: transparent 14×128×160 aligned sprite layer; all animation states; colors/opaque areas must not obscure required face/hand cues.,MISSING ART,"Catalog id, hero, slot, key, status:ready, cost and ownership required. Current catalog empty; art must be previewed before enabling sales."
Wardrobe previews,Rime,bottom-thumbnail,assets/cosmetics/mira/bottom/<piece-id>-preview.png,"One isolated square preview/thumbnail per piece; transparent, same pixel style.",MISSING ART,Future populated catalog UI still needs to render ready-item cards; present UI explicitly says art pending.
Independent wardrobe slots,Rime,shoes,assets/cosmetics/mira/shoes/<piece-id>.png,Each sellable piece: transparent 14×128×160 aligned sprite layer; all animation states; colors/opaque areas must not obscure required face/hand cues.,MISSING ART,"Catalog id, hero, slot, key, status:ready, cost and ownership required. Current catalog empty; art must be previewed before enabling sales."
Wardrobe previews,Rime,shoes-thumbnail,assets/cosmetics/mira/shoes/<piece-id>-preview.png,"One isolated square preview/thumbnail per piece; transparent, same pixel style.",MISSING ART,Future populated catalog UI still needs to render ready-item cards; present UI explicitly says art pending.
Independent wardrobe slots,Rime,eyewear,assets/cosmetics/mira/eyewear/<piece-id>.png,Each sellable piece: transparent 14×128×160 aligned sprite layer; all animation states; colors/opaque areas must not obscure required face/hand cues.,MISSING ART,"Catalog id, hero, slot, key, status:ready, cost and ownership required. Current catalog empty; art must be previewed before enabling sales."
Wardrobe previews,Rime,eyewear-thumbnail,assets/cosmetics/mira/eyewear/<piece-id>-preview.png,"One isolated square preview/thumbnail per piece; transparent, same pixel style.",MISSING ART,Future populated catalog UI still needs to render ready-item cards; present UI explicitly says art pending.
Weapon-skin slots,Rime,weaponSkin,assets/cosmetics/mira/weaponSkin/<skin-id>.png,"Class-matched replacement for frost_staff; single transparent image, explicit dimensions, normalized grip anchor, angle and logical height.",MISSING ART,Original signature PNG exists but is not a new sellable skin. New image requires a separate body and ready catalog item; no stats change.
Weapon-skin previews,Rime,weaponSkin-thumbnail,assets/cosmetics/mira/weaponSkin/<skin-id>-preview.png,Isolated square preview of the new skin (may reuse the full single-image weapon PNG with contain fit).,MISSING ART,"Can share source image if sufficiently readable, not necessarily a separate unique drawing."
Weapon holding,Rime,sockets,assets/heroes/mira/weapon-sockets.json,Main and offhand grip positions for all 14 frames and per-body orientation review against real signature weapon.,MISSING ART / RIG DATA,Do not enable separate until clean body is approved. Bront hammer and Sol lance need corrected silhouettes.
Mockup fidelity,All,environment,assets/ui/scenes/menu-background.png,"Clean layered midnight fantasy backdrop without text, characters, mode cards or UI; match mockups.",MISSING ART,Not redrawn from a full composite mockup; existing world/cosmic art used as interim.
Mockup fidelity,All,environment,assets/ui/scenes/hero-pedestal.png,Pixel-art foreground pedestal/cliff as isolated layer; replace the current procedural lobby platform.,MISSING ART,Not redrawn from a full composite mockup; existing world/cosmic art used as interim.
Mockup fidelity,All,environment,assets/ui/scenes/mode-adventure.png,Text-free Adventure card background matching mockup.,MISSING ART,Not redrawn from a full composite mockup; existing world/cosmic art used as interim.
Mockup fidelity,All,environment,assets/ui/scenes/mode-raid.png,Text-free Raid card background.,MISSING ART,Not redrawn from a full composite mockup; existing world/cosmic art used as interim.
Mockup fidelity,All,environment,assets/ui/scenes/mode-endless.png,Text-free Endless card background.,MISSING ART,Not redrawn from a full composite mockup; existing world/cosmic art used as interim.
Mockup fidelity,All,environment,assets/ui/scenes/mode-daily.png,Text-free Daily Challenge banner background.,MISSING ART,Not redrawn from a full composite mockup; existing world/cosmic art used as interim.
Fonts,All,display,assets/fonts/pixelify-sans-latin.woff2,"Pixelify Sans 700, optional user-installed Google Fonts input.",NOT INCLUDED,No font binaries delivered. Installer script is optional; license review and device render check required.
Fonts,All,body,assets/fonts/vt323-latin.woff2,"VT323 400, optional user-installed Google Fonts input.",NOT INCLUDED,Fallback is Courier New/monospace until provided locally.
Audio,All,fist,assets/audio/sfx/fist-<variant>.ogg,Short fist action and impact variants; optional per-material hit confirmation.,MISSING AUDIO / POLISH,Existing stomp/armor samples reused for functional action/impact distinction; no new VO recorded.
